﻿1712887,Võ Nhật Tường,Công nghệ thông tin,2017,11/2/1999,tuong.jpg,vntuong123@gmail.com,Đẹp trai thanh lịch,học kĩ thuật lập trình
1712834,Trịnh Quốc Tùng,Sinh học,2017,11/3/1999,tung.jpg,tqtung123@gmail.com,hòa đồng,ca hát
1712876,Lê Ngọc Thịnh,Toán Tin,2017,11/4/1999,thinh.jpg,lnthinh123@gmail.com,vui vẻ,chơi game
1712345,Đỗ Lan tiên,Công nghệ thông tin,2017,11/5/1999,tien.jpg,dltien123@gmail.com,điềm đạm,chơi thể thao
1711234,Nghiêm Văn Bơ,Địa chất,2017,11/6/1999,bo.jpg,nvbo123@gmail.com,nhút nhát,tập gym
1614698,Trần Văn Đại Bin,Vật lí,2016,11/7/1998,bin.jpg,tvdbin123@gmail.com,hơi nóng tính,chụp hình
1712555,Nguyễn Trần Ki,Công nghệ thông tin,2017,11/8/1999,ki.jpg,ntki123@gmail.com,vui vẻ hòa đồng,chơi game
1712456,Mai Thị Di,Công nghệ thông tin,2017,11/9/1999,di.jpg,mtdi123@gmail.com,cởi mở phóng khoáng,đọc sách
1714246,Lê Phương Đeo,Hải dương học,2017,11/10/1999,deo.jpg,lpdeo123@gmail.com,tốt bụng,khiêu vũ
1613691,Phạm Ngọc Dương,Sinh học,2016,11/11/1998,duong.jpg,pnduong123@gmail.com,tôi khá hậu đậu,đá bóng